cert,docket,fed_rssd,rssdhcr,name,city,stalp,zip,repdte,rundate,bkclass,address,namehcr,offdom,offfor,stmult,specgrp,subchaps,county,cbsa_metro,cbsa_metro_name,estymd,insdate,effdate,mutual,parcert,trust,regagnt,insagnt1,fdicdbs,fdicsupv,fldoff,fed,occdist,otsregnm,inst.webaddr,P3GTYPAR,P3GTY,P3GTYGNM,P9GTYPAR,P9GTY,P9GTYGNM,NAGTYPAR,NAGTY,NAGTYGNM
"57899","0","3317192","3370517","1st Advantage Bank","Saint Peters","MO","63376","12/31/2008","2/17/2015","NM","240 Salt Lick Road","1ST ADVANTAGE BANCSHARES, INC.","1","0","0","4","0","Saint Charles","41180","St. Louis, MO-IL","1/31/2005","1/31/2005","9/9/2010","Stock","0","0","FDIC","DIF","Kansas City","KANSAS CITY","St. Louis","St. louis","Western","West","http://www.1stadvantagebank.com","0","0","0","0","0","0","0","0","0"
"15448","0","1006858","1495818","1st American State Bank of Minnesota","Hancock","MN","56244","12/31/2008","2/17/2015","NM","Main Street","WEST CENTRAL BANQUE SHARES, INC.","2","0","0","4","0","Stevens","","","1/1/1936","12/12/1936","2/4/2010","Stock","0","0","FDIC","DIF","Kansas City","KANSAS CITY","Fargo","Minneapolis","Central","West","","0","0","0","0","0","0","0","0","0"
"16522","0","888253","2003975","1ST BANK","Evanston","WY","82930","12/31/2008","2/17/2015","SM","1001 Main Street","GLACIER BANCORP, INC.","8","0","0","4","0","Uinta","","","1/1/1934","12/23/1946","1/31/2009","Stock","0","0","FED","DIF","San Francisco","SAN FRANCISCO","Salt Lake City","Kansas City","Western","West","","0","0","0","0","0","0","0","0","0"
"22039","0","564856","1128415","1st Bank","Sidney","MT","59270","12/31/2008","2/17/2015","SM","120 Second Street, N.W.","1ST UNITED BANCORPORATION, INC.","2","0","0","2","1","Richland","","","6/9/1975","6/9/1975","6/22/2007","Stock","0","0","FED","DIF","San Francisco","SAN FRANCISCO","Billings","Minneapolis","Western","West","www.our1stbank.com","0","0","0","0","0","0","0","0","0"
"16419","17301","419255","1055780","1st Bank & Trust","Broken Bow","OK","74728","12/31/2008","2/17/2015","SM","710 South Park Drive","SOUTHEASTERN BANCSHARES, INC.","5","0","0","8","1","Mccurtain","","","5/6/1946","5/6/1946","3/31/2006","Stock","0","1","FED","DIF","Dallas","DALLAS","Tulsa","Kansas City","Southern","West","http://www/1stbankandtrust.com","0","0","0","0","0","0","0","0","0"
"30367","5236","148470","0","1st Bank of Sea Isle City","Sea Isle City","NJ","8243","12/31/2008","2/17/2015","SA","4301 Landis Avenue","","3","0","0","5","0","Cape May","36140","Ocean City, NJ","1/1/1882","11/30/1948","7/20/2011","Stock","0","0","OTS","DIF","New York","NEW YORK","Jamesburg","Philadelphia","Northeastern","Northeast","www.1stbankseaisle.com","0","0","0","0","0","0","0","0","0"
"4788","0","488055","1055904","1st Bank of Troy","Troy","KS","66087","12/31/2008","2/17/2015","NM","212 South Main Street","DON-CO. INVESTMENT COMPANY","1","0","0","2","0","Doniphan","41140","St. Joseph, MO-KS","2/4/1870","1/1/1934","5/31/2013","Stock","0","0","FDIC","DIF","Kansas City","KANSAS CITY","Kansas City","Kansas City","Western","Western","","0","0","0","0","0","0","0","0","0"
"31826","7509","589671","1058165","1st Bank Oklahoma","Claremore","OK","74017","12/31/2008","2/17/2015","SA","1698 S Lynn Riggs Blvd","MORRILL BANCSHARES, INC.","6","0","0","4","0","Rogers","46140","Tulsa, OK","10/12/1976","10/12/1976","7/20/2011","Stock","0","0","OTS","DIF","Dallas","DALLAS","Tulsa","Kansas City","Southern","West","","0","0","0","0","0","0","0","0","0"
"57298","0","3048487","3559844","1st Bank Yuma","Yuma","AZ","85364","12/31/2008","2/17/2015","NM","2799 South 4th Avenue","WESTERN ARIZONA BANCORP, INC.","4","0","0","4","0","Yuma","49740","Yuma, AZ","9/4/2001","9/4/2001","2/20/2012","Stock","0","0","FDIC","DIF","San Francisco","SAN FRANCISCO","Phoenix","San Francisco","Western","Western","http://www.1stbankyuma.com","0","0","0","0","0","0","0","0","0"
"58485","0","3594797","0","1st Capital Bank","Monterey","CA","93940","12/31/2008","2/17/2015","NM","5 Harris Court, Bldg N, # No","","4","0","0","4","0","Monterey","41500","Salinas, CA","4/16/2007","4/16/2007","12/12/2012","Stock","0","0","FDIC","DIF","San Francisco","SAN FRANCISCO","San Francisco","San Francisco","Western","Western","www.1stcapitalbank.com","0","0","0","0","0","0","0","0","0"
"33025","0","1463705","2847357","1st Centennial Bank","Redlands","CA","92373","12/31/2008","2/17/2015","NM","218 East State Street","1ST CENTENNIAL BANCORP","6","0","0","4","0","San Bernardino","40140","Riverside-San Bernardino-Ontario, CA","8/1/1990","8/1/1990","1/22/2009","Stock","0","0","FDIC","DIF","San Francisco","SAN FRANCISCO","Los Angeles (North)","San Francisco","Western","Western","","0","0","0","0","0","0","1496","1496","0"
"57657","0","3247598","3602236","1st Century Bank,  National Association","Los Angeles","CA","90067","12/31/2008","2/17/2015","N","1875 Century Park East, # 14","1ST CENTURY BANCSHARES, INC.","1","0","0","4","0","Los Angeles","31080","Los Angeles-Long Beach-Anaheim, CA","3/1/2004","3/1/2004","3/31/2006","Stock","0","0","OCC","DIF","San Francisco","SAN FRANCISCO","Los Angeles (West)","San Francisco","Western","Western","www.1cbank.com","0","0","0","0","0","0","0","0","0"
"35456","0","2920773","3118513","1st Colonial National Bank","Collingswood","NJ","8108","12/31/2008","2/17/2015","N","1040 Haddon Avenue","1ST COLONIAL BANCORP, INC.","4","0","0","4","0","Camden","37980","Philadelphia-Camden-Wilmington, PA-NJ-DE-MD","6/29/2000","6/29/2000","10/31/2012","Stock","0","0","OCC","DIF","New York","NEW YORK","Jamesburg","Philadelphia","Northeastern","Northeast","http://www.1stcolonial.com","0","0","0","0","0","0","0","0","0"
"58358","0","3465383","1247334","1st Commerce Bank","North Las Vegas","NV","89031","12/31/2008","2/17/2015","NM","5135 Camino Al Norte, # 4","CAPITOL BANCORP LTD.","1","0","0","4","0","Clark","29820","Las Vegas-Henderson-Paradise, NV","10/18/2006","10/18/2006","12/9/2012","Stock","0","0","FDIC","DIF","San Francisco","CHICAGO","Phoenix","San Francisco","Western","West","","0","0","0","0","0","0","0","0","0"
"11706","12404","338945","1204083","1st Community Bank","Sherrard","IL","61281","12/31/2008","2/17/2015","NM","407 Third Street","ILLINOIS HOLDING CO.","2","0","0","2","1","Mercer","19340","Davenport-Moline-Rock Island, IA-IL","1/1/1910","1/1/1934","3/31/2006","Stock","0","0","FDIC","DIF","Chicago","CHICAGO","Princeton","Chicago","Central","Central","http://www.1stcommunitybanks.com","0","0","0","0","0","0","0","0","0"
"27552","10064","1412619","2784920","1st Constitution Bank","Cranbury","NJ","8512","12/31/2008","2/17/2015","NM","2650 Route 130","1ST CONSTITUTION BANCORP","11","0","0","4","0","Middlesex","35620","New York-Newark-Jersey City, NY-NJ-PA","7/24/1989","7/24/1989","3/24/2011","Stock","0","0","FDIC","DIF","New York","NEW YORK","Jamesburg","New York","Northeastern","Northeast","www.1stconstitution.com","0","0","0","0","0","0","0","0","0"
"58321","0","3452123","0","1st Enterprise Bank","Los Angeles","CA","90017","12/31/2008","2/17/2015","NM","818 W. 7th St., Suite 220","","2","0","0","4","0","Los Angeles","31080","Los Angeles-Long Beach-Anaheim, CA","7/3/2006","7/3/2006","7/10/2006","Stock","0","0","FDIC","DIF","San Francisco","SAN FRANCISCO","Los Angeles (North)","San Francisco","Western","Western","","0","0","0","0","0","0","0","0","0"
"34393","0","2531562","2531553","1st Equity Bank","Skokie","IL","60076","12/31/2008","2/17/2015","NM","3956 West Dempster Street","FIRST EQUITY CORP.","1","0","0","4","1","Cook","16980","Chicago-Naperville-Elgin, IL-IN-WI","6/9/1997","6/9/1997","3/31/2006","Stock","0","0","FDIC","DIF","Chicago","CHICAGO","Chicago","Chicago","Central","Central","","0","0","0","0","0","0","0","0","0"
"57611","0","3203996","3203987","1st Equity Bank Northwest","Buffalo Grove","IL","60089","12/31/2008","2/17/2015","NM","1330 Dundee Road","NORTHWEST EQUITY CORP.","1","0","0","4","1","Cook","16980","Chicago-Naperville-Elgin, IL-IN-WI","10/15/2003","10/15/2003","3/31/2006","Stock","0","0","FDIC","DIF","Chicago","CHICAGO","Chicago","Chicago","Central","Central","","0","0","0","0","0","0","0","0","0"
"1149","15588","50957","3347809","1st Financial Bank","Overland Park","KS","66223","12/31/2008","2/17/2015","SM","11120 West 135th Street","SECOND CAPITAL INVESTMENTS, LLC","4","0","1","4","0","Johnson","28140","Kansas City, MO-KS","1/1/1892","1/1/1934","4/29/2010","Stock","0","0","FED","DIF","Kansas City","KANSAS CITY","Kansas City","Kansas City","Western","Western","www.alterrabank.com","0","0","0","0","0","0","0","0","0"
"1673","0","526452","0","1st Financial Bank USA","Dakota Dunes","SD","57049","12/31/2008","2/17/2015","NM","331 N. Dakota Dunes Blvd.","","2","0","0","3","0","Union","43580","Sioux City, IA-NE-SD","1/1/1910","1/1/1934","3/31/2006","Stock","0","0","FDIC","DIF","Kansas City","KANSAS CITY","Sioux Falls","Minneapolis","Western","West","http://www.1fbusa.com","0","0","0","0","0","0","47","42","0"
"58548","0","3655081","0","1st Manatee Bank","Parrish","FL","34219","12/31/2008","2/17/2015","NM","12204 County Road 675","","2","0","0","4","0","Manatee","35840","North Port-Sarasota-Bradenton, FL","11/13/2007","11/13/2007","1/24/2010","Stock","0","0","FDIC","DIF","Atlanta","ATLANTA","Tampa","Atlanta","Southern","Southeast","WWW.1STMANATEE.COM","0","0","0","0","0","0","0","0","0"
"6646","8805","480723","0","1st National Bank","Lebanon","OH","45036","12/31/2008","2/17/2015","N","730 East Main Street","","12","0","0","4","1","Warren","17140","Cincinnati, OH-KY-IN","1/1/1907","1/1/1934","10/31/2012","Stock","0","0","OCC","DIF","Chicago","CHICAGO","Cincinnati","Cleveland","Central","Central","WWW.BANKWITH1ST.COM","0","0","0","0","0","0","0","0","0"
"3564","11706","737632","3437791","1st National Bank of South Florida","Homestead","FL","33030","12/31/2008","2/17/2015","N","1550 North Krome Avenue","HOMETOWN BANKING COMPANY, INC.","6","0","0","4","0","Miami-Dade","33100","Miami-Fort Lauderdale-West Palm Beach, FL","10/24/1932","1/1/1934","3/31/2006","Stock","0","0","OCC","DIF","Atlanta","ATLANTA","South Florida","Atlanta","Southern","Southeast","http://www.1stnatbank.com","0","0","0","0","0","0","0","0","0"
"26977","10790","1000511","2421896","1st National Community Bank","East Liverpool","OH","43920","12/31/2008","2/17/2015","N","16924 St. Clair Avenue","TRI-STATE 1ST BANC, INC.","6","0","1","8","0","Columbiana","","","6/1/1987","6/1/1987","3/31/2006","Stock","0","1","OCC","DIF","Chicago","CHICAGO","Columbus","Cleveland","Central","Central","www.1stncb.com","0","0","0","0","0","0","2209","1657","0"
"35517","0","2912367","3487367","1st Pacific Bank of California","San Diego","CA","92121","12/31/2008","2/17/2015","SM","9333 Genesee Ave, Suite 100","1ST PACIFIC BANCORP","9","0","0","4","0","San Diego","41740","San Diego-Carlsbad, CA","11/17/2000","11/17/2000","5/6/2010","Stock","0","0","FED","DIF","San Francisco","SAN FRANCISCO","Orange","San Francisco","Western","Western","","958","719","0","0","0","0","644","483","0"
"57157","0","2998660","2998651","1st Regents Bank","Andover","MN","55304","12/31/2008","2/17/2015","NM","1777 Bunker Lake Blvd. Nw","ALLIANCE BANK SHARES CORPORATION","2","0","0","4","1","Anoka","33460","Minneapolis-St. Paul-Bloomington, MN-WI","5/22/2001","5/22/2001","12/13/2010","Stock","0","0","FDIC","DIF","Kansas City","KANSAS CITY","Minneapolis","Minneapolis","Central","West","","0","0","0","0","0","0","333","250","0"
"57633","0","1018927","0","1st Security Bank of Washington","Mountlake Terrac","WA","98043","12/31/2008","2/17/2015","SB","6920 220th St Sw, Suite 300","","13","0","0","4","0","Snohomish","42660","Seattle-Tacoma-Bellevue, WA","4/1/2004","4/1/2004","3/31/2006","Non-Stock","0","0","FDIC","DIF","San Francisco","SAN FRANCISCO","Seattle","San Francisco","Western","West","WWW.FSBWA.COM","1","1","0","0","0","0","17","15","0"
"9087","10250","991340","1199602","1st Source Bank","South Bend","IN","46601","12/31/2008","2/17/2015","SM","100 North Michigan Street","1ST SOURCE CORPORATION","83","0","1","4","0","St Joseph","43780","South Bend-Mishawaka, IN-MI","1/1/1922","1/1/1934","6/7/2008","Stock","0","1","FED","DIF","Chicago","CHICAGO","Indianapolis","Chicago","Central","Central","www.1stsource.com","392","245","0","5719","0","5719","951","834","0"
"57626","0","3223305","3223293","1st State Bank","Saginaw","MI","48604","12/31/2008","2/17/2015","NM","4805 Towne Ctr Rd, # 100","VALLEY FINANCIAL GROUP, LTD.","3","0","0","4","0","Saginaw","40980","Saginaw, MI","4/12/2004","4/12/2004","6/10/2012","Stock","0","0","FDIC","DIF","Chicago","CHICAGO","Detroit","Chicago","Central","Central","www.1ststatebk.com","0","0","0","0","0","0","0","0","0"
"22543","14261","170640","3070152","1st State Bank of Mason City","Mason City","IL","62664","12/31/2008","2/17/2015","NM","123 West Elm Street","FIRSTATE BANCORP, INC.","1","0","0","2","0","Mason","","","11/1/1977","11/1/1977","3/31/2006","Stock","0","0","FDIC","DIF","Chicago","CHICAGO","Springfield Il","Chicago","Central","Central","www.1ststatebankmc.com","0","0","0","0","0","0","0","0","0"
"8426","10595","526519","1830240","1st Summit Bank","Johnstown","PA","15904","12/31/2008","2/17/2015","NM","125 Donald Lane","1ST SUMMIT BANCORP OF JOHNSTOWN, INC.","14","0","0","4","0","Cambria","27780","Johnstown, PA","1/1/1924","1/1/1934","3/31/2006","Stock","0","1","FDIC","DIF","New York","NEW YORK","Wexford","Philadelphia","Northeastern","Northeast","http://www.1stsummit.com","0","0","0","14","14","0","0","0","0"
"57869","0","3309393","0","1st Trust Bank, Inc.","Hazard","KY","41701","12/31/2008","2/17/2015","NM","24 Commerce Drive","","2","0","0","4","0","Perry","","","12/13/2004","12/13/2004","3/31/2006","Stock","0","0","FDIC","DIF","Chicago","CHICAGO","Lexington","Cleveland","Central","Southeast","http://www.1sttrustbankinc.com","0","0","0","0","0","0","0","0","0"
"35408","0","2860440","2860431","1st United Bank","Boca Raton","FL","33432","12/31/2008","2/17/2015","SM","One North Federal Highway","1ST UNITED BANCORP, INC.","14","0","0","4","0","Palm Beach","33100","Miami-Fort Lauderdale-West Palm Beach, FL","4/20/2000","4/20/2000","12/10/2009","Stock","0","0","FED","DIF","Atlanta","ATLANTA","South Florida","Atlanta","Southern","Southeast","","0","0","0","0","0","0","0","0","0"
"31249","6607","350572","0","1st United Bank","Faribault","MN","55021","12/31/2008","2/17/2015","SA","430 Northwest Fourth Street","","2","0","0","4","1","Rice","","","1/1/1920","12/18/1961","3/28/2009","Stock","0","0","OTS","DIF","Kansas City","KANSAS CITY","Minneapolis","Minneapolis","Central","West","WWW.1STUNITED.COM","0","0","0","0","0","0","73","62","0"
"9751","0","340256","3304343","21st Century Bank","Loretto","MN","55357","12/31/2008","2/17/2015","NM","699 North Medina Street","DOLPHIN FAMILY LIMITED PARTNERSHIP","6","0","0","4","0","Hennepin","33460","Minneapolis-St. Paul-Bloomington, MN-WI","6/2/1917","1/1/1934","3/31/2006","Stock","0","0","FDIC","DIF","Kansas City","KANSAS CITY","Minneapolis","Minneapolis","Central","West","http://www.21stcenturybank.com","0","0","0","0","0","0","0","0","0"
"91005","0","455253","0","5 Star Bank","Colorado Springs","CO","80914","12/31/2008","2/17/2015","NM","Pain&Stewart St, Bldg 1485,","","4","0","0","3","0","El Paso","17820","Colorado Springs, CO","6/10/1980","11/5/1985","4/30/2009","Stock","0","0","FDIC","DIF","Dallas","DALLAS","Denver","Kansas City","Western","Western","http://www.5starbankus.com","0","0","0","0","0","0","0","0","0"
"27831","358","671370","0","A J Smith Federal Savings Bank","Midlothian","IL","60445","12/31/2008","2/17/2015","SA","14757 S Cicero Ave","","3","0","0","5","0","Cook","16980","Chicago-Naperville-Elgin, IL-IN-WI","1/1/1924","12/3/1934","7/20/2011","Stock","0","0","OTS","DIF","Chicago","CHICAGO","Chicago","Chicago","Central","Central","www.ajsmithbank.com","0","0","0","0","0","0","0","0","0"
"27207","0","1186956","2775142","AB&T National Bank","Dothan","AL","36301","12/31/2008","2/17/2015","N","1479 West Main Street","COMMUNITY CAPITAL BANCSHARES, INC.","2","0","0","4","0","Houston","20020","Dothan, AL","4/4/1988","4/4/1988","3/30/2009","Stock","0","0","OCC","DIF","Atlanta","ATLANTA","Montgomery","Atlanta","Southern","Southeast","","0","0","0","0","0","0","0","0","0"
"32257","8059","762773","0","Abacus Federal Savings Bank","New York","NY","10013","12/31/2008","2/17/2015","SA","6 Bowery","","6","0","1","5","0","New York","35620","New York-Newark-Jersey City, NY-NJ-PA","11/29/1984","11/29/1984","7/20/2011","Stock","0","0","OTS","DIF","New York","NEW YORK","New York City","New York","Northeastern","Northeast","www.abacusbank.com","0","0","0","0","0","0","0","0","0"
"30332","5179","114774","0","Abbeville Building & Loan (A State-Chartered Savings Bank)","Abbeville","LA","70510","12/31/2008","2/17/2015","SB","1212 Charity Street","","1","0","0","5","0","Vermilion","29180","Lafayette, LA","1/1/1890","8/9/1948","3/31/2006","Non-Stock","0","0","FDIC","DIF","Dallas","DALLAS","Baton Rouge","Atlanta","Southern","Western","www.abbemae.com","0","0","0","0","0","0","0","0","0"
"30619","5642","416272","0","Abbeville Savings and Loan, SSB","Abbeville","SC","29620","12/31/2008","2/17/2015","SB","209 South Main St","","1","0","0","5","0","Abbeville","","","1/1/1907","5/11/1953","10/16/2013","Non-Stock","0","0","FDIC","DIF","Atlanta","ATLANTA","Columbia Sc","Richmond","Northeastern","Southeast","http://www.abbevillefirst.com","0","0","0","0","0","0","0","0","0"
"19795","16035","198149","3612794","AbbyBank","Abbotsford","WI","54405","12/31/2008","2/17/2015","NM","401 Spruce Streets","ABBY BANCORP, INC.","6","0","0","4","0","Marathon","48140","Wausau, WI","3/1/1968","3/1/1968","3/31/2006","Stock","0","0","FDIC","DIF","Chicago","CHICAGO","Eau Claire","Chicago","Central","Central","www.abbybank.com","20","17","0","0","0","0","149","74","0"
"26549","0","117672","0","Abington Bank","Abington","MA","2351","12/31/2008","2/17/2015","SM","6 Harrison Avenue","","1","0","0","5","0","Plymouth","14460","Boston-Cambridge-Newton, MA-NH","1/1/1888","2/12/1986","10/21/2008","Non-Stock","0","0","FED","DIF","New York","NEW YORK","South Boston","Boston","Northeastern","Northeast","www.theabingtonbank.com","0","0","0","0","0","0","0","0","0"
"27942","584","442776","0","Abington Savings Bank","Jenkintown","PA","19046","12/31/2008","2/17/2015","SB","180 Old York Road","","22","0","0","5","0","Montgomery","37980","Philadelphia-Camden-Wilmington, PA-NJ-DE-MD","1/1/1867","8/22/1940","9/30/2011","Stock","0","0","FDIC","DIF","New York","NEW YORK","Philadelphia","Philadelphia","Northeastern","Northeast","","0","0","0","0","0","0","0","0","0"
"32266","8070","202578","0","Acacia Federal Savings Bank","Falls Church","VA","22043","12/31/2008","2/17/2015","SA","7600 Leesburg Pike, # 200","","1","0","0","5","0","Fairfax","47900","Washington-Arlington-Alexandria, DC-VA-MD-WV","1/15/1985","1/15/1985","7/20/2011","Stock","0","0","OTS","DIF","Atlanta","ATLANTA","Richmond","Richmond","Northeastern","Southeast","","0","0","0","0","0","0","0","0","0"
"19600","0","535753","2107707","Academy Bank, National Association","Colorado Springs","CO","80920","12/31/2008","2/17/2015","N","2835 Briargate Boulevard","DICKINSON FINANCIAL CORPORATION II","55","0","0","4","0","El Paso","17820","Colorado Springs, CO","6/15/1966","6/15/1966","3/28/2008","Stock","0","0","OCC","DIF","Dallas","KANSAS CITY","Denver","Kansas City","Western","Western","www.academybankco.com","0","0","0","0","0","0","0","0","0"
"4061","13760","266253","1055708","ACB Bank","Cherokee","OK","73728","12/31/2008","2/17/2015","NM","323 S Grand Street","ALFALFA COUNTY BANCSHARES, INC.","3","0","0","2","1","Alfalfa","","","1/29/1908","1/1/1934","9/22/2006","Stock","0","0","FDIC","DIF","Dallas","DALLAS","Oklahoma City","Kansas City","Southern","West","www.acbbank.net","0","0","0","0","0","0","0","0","0"
"58562","0","3535848","0","Access 1st Capital Bank","Denton","TX","76201","12/31/2008","2/17/2015","NM","724 Myrtle Street","","1","0","0","4","0","Denton","19100","Dallas-Fort Worth-Arlington, TX","10/22/2007","10/22/2007","9/30/2009","Stock","0","0","FDIC","DIF","Dallas","DALLAS","Dallas","Dallas","Southern","West","http://WWW.ACCESSBANKTX.COM","0","0","0","0","0","0","0","0","0"
"58727","0","3614837","3637939","Access Bank","Omaha","NE","68114","12/31/2008","2/17/2015","NM","210 North 78th Street","3MV BANCORP, INC.","1","0","0","4","0","Douglas","36540","Omaha-Council Bluffs, NE-IA","12/10/2007","12/10/2007","12/16/2012","Stock","0","0","FDIC","DIF","Kansas City","KANSAS CITY","Omaha","Kansas City","Western","West","WWW.ACCESSBANK.COM","0","0","0","0","0","0","0","0","0"
"16476","0","730754","2158633","Access Bank","Champlin","MN","55316","12/31/2008","2/17/2015","NM","11150 Commerce Drive North","ACCESS BANCSHARES, INC.","2","0","0","4","0","Hennepin","33460","Minneapolis-St. Paul-Bloomington, MN-WI","9/7/1946","9/7/1946","5/6/2010","Stock","0","0","FDIC","DIF","Kansas City","KANSAS CITY","Minneapolis","Minneapolis","Central","West","","0","0","0","0","0","0","0","0","0"
"35189","0","2859903","3109904","Access National Bank","Reston","VA","20191","12/31/2008","2/17/2015","N","1800 Robert Fulton Drive, #","ACCESS NATIONAL CORPORATION","5","0","0","4","0","Fairfax","47900","Washington-Arlington-Alexandria, DC-VA-MD-WV","12/1/1999","12/1/1999","3/31/2006","Stock","0","0","OCC","DIF","Atlanta","ATLANTA","Richmond","Richmond","Northeastern","Southeast","www.accessnationalbank.com","0","0","0","0","0","0","0","0","0"
"14936","11454","730446","1205950","Ackley State Bank","Ackley","IA","50601","12/31/2008","2/17/2015","NM","650 Main Street","GNB BANCORPORATION","5","0","0","2","1","Hardin","","","1/1/1934","12/18/1934","11/2/2011","Stock","0","1","FDIC","DIF","Kansas City","KANSAS CITY","Des Moines","Chicago","Western","Western","http://www.ackleystatebank.com","0","0","0","0","0","0","0","0","0"
"18489","12279","463650","1055623","Adams Bank & Trust","Ogallala","NE","69153","12/31/2008","2/17/2015","SM","315 North Spruce Street","ADBANC, INC.","16","0","1","2","0","Keith","","","2/26/1962","2/26/1962","3/31/2006","Stock","0","1","FED","DIF","Kansas City","KANSAS CITY","Grand Island","Kansas City","Western","West","http://www.abtbank.com","0","0","0","0","0","0","15","13","0"
"26568","12676","58074","0","Adams Co-operative Bank","Adams","MA","1220","12/31/2008","2/17/2015","SB","93 Park Street","","3","0","0","5","0","Berkshire","38340","Pittsfield, MA","1/1/1895","2/28/1986","2/24/2012","Non-Stock","0","0","FDIC","DIF","New York","NEW YORK","Springfield Ma","Boston","Northeastern","Northeast","","0","0","0","0","0","0","0","0","0"
"14311","0","9553","1053870","Adams County Bank","Kenesaw","NE","68956","12/31/2008","2/17/2015","NM","109 North Smith Avenue","FIRST KENESAW COMPANY","2","0","0","2","0","Adams","","","1/1/1878","1/1/1934","5/31/2010","Stock","0","0","FDIC","DIF","Kansas City","KANSAS CITY","Grand Island","Kansas City","Western","West","http://www.adamscountybank.net","51","46","0","0","0","0","0","0","0"
"32304","8120","312570","0","Adams County Building and Loan Company","West Union","OH","45693","12/31/2008","2/17/2015","SA","201 West Main Street","","2","0","0","8","0","Adams","","","1/22/1907","4/4/1985","7/20/2011","Non-Stock","0","0","OTS","DIF","Chicago","CHICAGO","Cincinnati","Cleveland","Central","Central","","0","0","0","0","0","0","0","0","0"
"7506","12499","5210","1117464","Adams County National Bank","Gettysburg","PA","17325","12/31/2008","2/17/2015","N","16 Lincoln Square","ACNB CORPORATION","21","0","0","4","0","Adams","23900","Gettysburg, PA","4/11/1857","1/1/1934","10/3/2010","Stock","0","1","OCC","DIF","New York","NEW YORK","Harrisburg","Philadelphia","Northeastern","Northeast","http://www.acnb.com","0","0","0","0","0","0","0","0","0"
"58697","18056","3603765","1247334","Adams Dairy Bank","Blue Springs","MO","64014","12/31/2008","2/17/2015","SA","651 Ne Coronado Drive","CAPITOL BANCORP LTD.","1","0","0","4","0","Jackson","28140","Kansas City, MO-KS","1/3/2008","1/3/2008","7/20/2011","Stock","0","0","OTS","DIF","Kansas City","KANSAS CITY","Kansas City","Kansas City","Western","West","www.AdamsDairyBank.com","0","0","0","0","0","0","0","0","0"
"22658","12102","659622","1075500","Adams National Bank","Washington","DC","20036","12/31/2008","2/17/2015","N","1130 Connecticut Ave, N.W, #","ABIGAIL ADAMS NATIONAL BANCORP, INC.","7","0","1","4","0","District Of Columb","47900","Washington-Arlington-Alexandria, DC-VA-MD-WV","5/15/1978","5/15/1978","4/7/2011","Stock","0","0","OCC","DIF","New York","ATLANTA","Baltimore","Richmond","Northeastern","Southeast","","1506","1068","0","0","0","0","357","306","0"
"9812","0","332756","0","Adams State Bank","Adams","NE","68301","12/31/2008","2/17/2015","NM","649 Main Street","","1","0","0","2","1","Gage","","","1/18/1918","1/1/1934","3/31/2006","Stock","0","0","FDIC","DIF","Kansas City","KANSAS CITY","Omaha","Kansas City","Western","West","www.adamsstate.com","0","0","0","0","0","0","0","0","0"
"57962","0","3370366","0","ADB Bank","Cedar City","UT","84720","12/31/2008","2/17/2015","NM","136 W Ctr Stree, Suite 200","","1","0","0","4","0","Iron","","","8/1/2005","8/1/2005","9/16/2009","Stock","0","0","FDIC","DIF","San Francisco","SAN FRANCISCO","Salt Lake City","San Francisco","Western","West","","0","0","0","0","0","0","0","0","0"
"28380","1473","101671","2467474","Adirondack Bank","Utica","NY","13501","12/31/2008","2/17/2015","SM","185 Genesee Street","ADIRONDACK BANCORP, INC.","17","0","0","4","0","Oneida","46540","Utica-Rome, NY","1/1/1898","1/25/1936","3/31/2006","Stock","0","0","FED","DIF","New York","NEW YORK","Syracuse","New York","Northeastern","Northeast","www.adirondackbank.com","0","0","0","61","61","0","0","0","0"
"8251","0","94858","1399505","Adrian Bank","Adrian","MO","64720","12/31/2008","2/17/2015","SM","130 East Main Street","ADRIAN BANCSHARES, INC.","3","0","0","2","1","Bates","28140","Kansas City, MO-KS","10/18/1932","1/1/1934","3/31/2006","Stock","0","0","FED","DIF","Kansas City","KANSAS CITY","Kansas City","Kansas City","Western","West","www.adrianbank.com","0","0","0","0","0","0","0","0","0"
"8822","0","293352","1125254","Adrian State Bank","Adrian","MN","56110","12/31/2008","2/17/2015","NM","322 Maine Avenue","ADRIAN BUILDING CORPORATION","1","0","0","2","1","Nobles","","","10/23/1889","1/1/1934","3/31/2006","Stock","0","0","FDIC","DIF","Kansas City","KANSAS CITY","Sioux Falls","Minneapolis","Central","West","www.adrianstatebank.com","0","0","0","0","0","0","0","0","0"
"31372","6824","405173","0","Advance Bank","Baltimore","MD","21215","12/31/2008","2/17/2015","SA","4801 Seton Drive","","4","0","1","4","0","Baltimore City","12580","Baltimore-Columbia-Towson, MD","1/1/1957","10/16/1963","7/20/2011","Non-Stock","0","0","OTS","DIF","New York","NEW YORK","Baltimore","Richmond","Northeastern","Southeast","","0","0","0","0","0","0","153","0","0"
"18664","11407","368111","0","Advanta  Bank","Wilmington","DE","19803","12/31/2008","2/17/2015","NM","1 Righter Parkway, Delaware","","1","0","0","7","0","New Castle","37980","Philadelphia-Camden-Wilmington, PA-NJ-DE-MD","8/1/1927","12/14/1962","6/29/2010","Stock","0","1","FDIC","DIF","New York","NEW YORK","Claymont","Philadelphia","Northeastern","Northeast","","0","0","0","0","0","0","0","0","0"
"33535","0","1916751","0","Advanta Bank Corp.","Draper","UT","84020","12/31/2008","2/17/2015","NM","11850 South Election Drive","","1","0","0","9","0","Salt Lake","41620","Salt Lake City, UT","12/16/1991","12/16/1991","3/18/2010","Stock","0","0","FDIC","DIF","San Francisco","NEW YORK","Salt Lake City","San Francisco","Western","West","","0","0","0","0","0","0","0","0","0"
"57072","0","2927615","2926270","Advantage Bank","Loveland","CO","80537","12/31/2008","2/17/2015","NM","1475 North Denver Avenue","ADVANTAGE BANCORP, INC.","5","0","0","4","0","Larimer","22660","Fort Collins, CO","9/21/2000","9/21/2000","3/31/2006","Stock","0","0","FDIC","DIF","Dallas","KANSAS CITY","Denver","Kansas City","Western","Western","http://www.advantagebanks.com","130","111","0","0","0","0","0","0","0"
"29864","4226","834979","1251256","Advantage Bank","Cambridge","OH","43725","12/31/2008","2/17/2015","NM","814 Wheeling Avenue","CAMCO FINANCIAL CORPORATION","24","0","1","5","0","Guernsey","","","1/1/1891","5/2/1938","3/22/2011","Stock","0","1","FDIC","DIF","Chicago","CHICAGO","Columbus","Cleveland","Central","Central","","0","0","0","0","0","0","0","0","0"
"18152","15877","438050","1066928","Advantage Bank","Spencer","OK","73084","12/31/2008","2/17/2015","NM","8001 N.E. 23rd Street","SPENCER BANCSHARES, INC.","3","0","0","4","1","Oklahoma","36420","Oklahoma City, OK","11/17/1913","2/15/1960","11/8/2011","Stock","0","0","FDIC","DIF","Dallas","DALLAS","Oklahoma City","Kansas City","Southern","West","http://www.advantagebank.biz","0","0","0","0","0","0","0","0","0"
"10375","14584","189549","3155273","Advantage Community Bank","Dorchester","WI","54425","12/31/2008","2/17/2015","NM","101 West Center Street","ADVANTAGE COMMUNITY BANCSHARES, INC.","4","0","0","4","0","Clark","","","8/9/1906","1/1/1934","3/31/2006","Stock","0","0","FDIC","DIF","Chicago","CHICAGO","Eau Claire","Chicago","Central","Central","www.advantagecommunity.com","0","0","0","0","0","0","0","0","0"
"57103","0","2970657","2260406","Advantage National Bank","Elk Grove Villag","IL","60007","12/31/2008","2/17/2015","N","75 East Turner Avenue","WINTRUST FINANCIAL CORPORATION","4","0","0","4","0","Cook","16980","Chicago-Naperville-Elgin, IL-IN-WI","1/22/2001","1/22/2001","3/24/2011","Stock","0","0","OCC","DIF","Chicago","CHICAGO","Chicago","Chicago","Central","Central","www.bankschaumburg.com","0","0","0","0","0","0","0","0","0"
"31217","6555","715872","0","AF Bank","West Jefferson","NC","28694","12/31/2008","2/17/2015","SA","205 South Jefferson Avenue","","7","0","0","4","0","Ashe","","","1/1/1939","3/22/1961","9/27/2009","Stock","0","0","OTS","DIF","Atlanta","ATLANTA","Charlotte","Richmond","Northeastern","Southeast","www.golifestore.com","0","0","0","0","0","0","0","0","0"
"28225","1181","947178","1078846","AFB&T","Athens","GA","30601","12/31/2008","2/17/2015","NM","150 East Hancock Avenue","SYNOVUS FINANCIAL CORP.","18","0","0","4","0","Clarke","12020","Athens-Clarke County, GA","1/1/1929","8/12/1935","5/11/2009","Stock","0","0","FDIC","DIF","Atlanta","ATLANTA","Atlanta","Atlanta","Southern","Southeast","","0","0","0","0","0","0","0","0","0"
"34885","14544","965789","0","Affiliated Bank","Bedford","TX","76021","12/31/2008","2/17/2015","SA","500 Harwood Rd.","","2","0","0","4","0","Tarrant","19100","Dallas-Fort Worth-Arlington, TX","1/1/1959","6/1/1998","7/20/2011","Stock","0","0","OTS","DIF","Dallas","DALLAS","Dallas","Dallas","Southern","West","www.affiliatedbank.com","0","0","0","0","0","0","0","0","0"
"27197","14413","1187391","3283402","Affinity Bank","Ventura","CA","93001","12/31/2008","2/17/2015","NM","101 S. Chestnut Street","AFFINITY BANK HOLDINGS, INC.","10","0","0","4","1","Ventura","37100","Oxnard-Thousand Oaks-Ventura, CA","9/19/1982","3/14/1988","8/27/2009","Stock","0","0","FDIC","DIF","San Francisco","SAN FRANCISCO","Los Angeles (West)","San Francisco","Western","Western","","0","0","0","0","0","0","0","0","0"
"57478","0","3179729","0","Affinity Bank of Pennsylvania","Wyomissing","PA","19610","12/31/2008","2/17/2015","NM","1310 Broadcasting Road","","4","0","0","4","0","Berks","39740","Reading, PA","4/11/2003","4/11/2003","2/28/2013","Stock","0","0","FDIC","DIF","New York","NEW YORK","Harrisburg","Philadelphia","Northeastern","Northeast","","0","0","0","0","0","0","0","0","0"
"35267","14939","2909330","0","AIG Federal Savings Bank","Wilmington","DE","19801","12/31/2008","2/17/2015","SA","1 Alico Plaza, 600 King St.","","1","0","0","5","0","New Castle","37980","Philadelphia-Camden-Wilmington, PA-NJ-DE-MD","5/15/2000","5/15/2000","8/26/2010","Stock","0","1","OTS","DIF","New York","NEW YORK","Claymont","Philadelphia","Northeastern","Northeast","","422","422","0","0","0","0","87","87","0"
"3304","0","1006951","3183959","AIMBank","Littlefield","TX","79339","12/31/2008","2/17/2015","NM","337 Phelps Avenue","AIM BANCSHARES, INC.","5","0","0","4","1","Lamb","","","9/19/1925","1/1/1934","1/26/2012","Stock","0","0","FDIC","DIF","Dallas","DALLAS","Lubbock","Dallas","Southern","West","http://www.aimbankonline.com","0","0","0","0","0","0","0","0","0"
"57840","0","3278387","1086131","Alabama Banker's Bank, N.A.","Homewood","AL","35209","12/31/2008","2/17/2015","N","600 University Park Pl Suite","FIRST NATIONAL BANKERS BANKSHARES, INC.","1","0","0","4","0","Jefferson","13820","Birmingham-Hoover, AL","9/8/2004","9/8/2004","2/14/2009","Stock","0","0","OCC","DIF","Atlanta","ATLANTA","Shelby","Atlanta